"No.","Card name","Title","Star form","Card type","Status","Champion tier","Origins","Classes","Command cost","Ascend cost","Might","Guard","Keywords","Ability name","Rules text","Crown damage","Flavour text","Flavour source","Art brief","Art brief source","Final art file (suggested)","Current temporary art"
"001","Bramble","Sapling of the Greenwall","★","Champion","Set 1 (draft, not yet in a deck)","Tier I · Common","Verdant","Warden","1","","1","3","","Rootslam","Block: Scorch 1 the attacker.","","The Greenwall forests sent their smallest guardian into the Crownfall. The forest does not understand crowns. It understands roots.","Crownfall lore","A small wooden creature wearing moss like armour, fists of knotted root.","Crownfall star 1 description","champions/bramble/star_1.png","prototype-v0.2/art/bramble/star_1.webp (256 px placeholder)"
"002","Bramble","Sapling of the Greenwall","★★","Ascension","Set 1 (draft, not yet in a deck)","Tier I · Common","Verdant","Warden","","↑0","4","6","Bulwark","Rootslam","Block: Scorch 2 the attacker.","","I grew!","Crownfall voice line (gains a star)","Larger, plated in armoured bark with glowing green runes; flowers bloom along the shoulders and roots trail when he walks.","Crownfall star 2 description","champions/bramble/star_2.png","prototype-v0.2/art/bramble/star_2.webp (256 px placeholder)"
"003","Bramble","Sapling of the Greenwall","★★★","Ascension","Set 1 (draft, not yet in a deck)","Tier I · Common","Verdant","Warden","","↑1","7","10","Bulwark","Rootslam","Ascend: Scorch 2 each rival champion. Block: Scorch 2 the attacker.","Breaks 2 shards","The forest remembers.","Crownfall voice line (victory)","A miniature ancient world-tree warrior. Leaves orbit him, his eyes burn emerald, and Rootslam erupts as enormous spectral roots.","Crownfall star 3 description","champions/bramble/star_3.png","prototype-v0.2/art/bramble/star_3.webp (256 px placeholder)"
"004","Kira Volt","Arc-Tech Prodigy","★","Champion","Set 1 (draft, not yet in a deck)","Tier I · Common","Voltborn","Ranger","1","","2","1","Charge","","","","Kira rebuilt her first pistol from a lightning rod. She intends to rebuild the Crown the same way.","Crownfall lore","A young arc-tech gunner with one compact energy pistol.","Crownfall star 1 description","champions/kira/star_1.png","prototype-v0.2/art/kira/star_1.webp (256 px placeholder)"
"005","Kira Volt","Arc-Tech Prodigy","★★","Ascension","Set 1 (draft, not yet in a deck)","Tier I · Common","Voltborn","Ranger","","↑0","5","3","Charge","Overcharged Round","Attack: Scorch 1 each rival champion.","","Double the volts!","Crownfall voice line (gains a star)","Dual energised pistols; her coat carries a glowing arc coil.","Crownfall star 2 description","champions/kira/star_2.png","prototype-v0.2/art/kira/star_2.webp (256 px placeholder)"
"006","Kira Volt","Arc-Tech Prodigy","★★★","Ascension","Set 1 (draft, not yet in a deck)","Tier I · Common","Voltborn","Ranger","","↑1","9","6","Charge","Overcharged Round","Attack: Scorch 2 each rival champion.","Breaks 2 shards","Nobody out-sparks me.","Crownfall voice line (victory)","Floating arc batteries orbit her and every shot leaves a lightning trail.","Crownfall star 3 description","champions/kira/star_3.png","prototype-v0.2/art/kira/star_3.webp (256 px placeholder)"
"007","Grimm","The Soldier Who Stayed","★","Champion","Set 1 (draft, not yet in a deck)","Tier I · Common","Hollow","Vanguard","1","","1","3","","Refuse Death","Block: Shield Grimm.","","His war ended three centuries ago. Nobody told Grimm.","Crownfall lore","A skeletal footsoldier in dented plate, ghost-light in his ribs.","Crownfall star 1 description","champions/grimm/star_1.png","prototype-v0.2/art/grimm/star_1.webp (256 px placeholder)"
"008","Grimm","The Soldier Who Stayed","★★","Ascension","Set 1 (draft, not yet in a deck)","Tier I · Common","Hollow","Vanguard","","↑0","4","6","","Refuse Death","Block: Shield Grimm. Ascend: Return a ★ champion from your Fallen pile to your hand.","","Still haven't died properly.","Crownfall voice line (gains a star)","Plate reforged with spectral seams; a tattered banner grows from his back.","Crownfall star 2 description","champions/grimm/star_2.png","prototype-v0.2/art/grimm/star_2.webp (256 px placeholder)"
"009","Grimm","The Soldier Who Stayed","★★★","Ascension","Set 1 (draft, not yet in a deck)","Tier I · Common","Hollow","Vanguard","","↑1","7","10","Bulwark","Refuse Death","Block: Shield Grimm. Ascend: Return a ★ champion from your Fallen pile to your hand.","Breaks 2 shards","Another war ended.","Crownfall voice line (victory)","A deathless champion wreathed in green soulfire, his sword a shard of a fallen gate.","Crownfall star 3 description","champions/grimm/star_3.png","prototype-v0.2/art/grimm/star_3.webp (256 px placeholder)"
"010","Pip","Demolitions Enthusiast","★","Champion","Set 1 (draft, not yet in a deck)","Tier I · Common","Gearbound","Saboteur","1","","1","1","","Special Delivery","Arrival: Scorch 1 each rival champion.","","Pip was told the Crownfall was a place of great explosions. Pip was not told correctly, so Pip brought his own.","Crownfall lore","A tiny goblin-like sapper with a satchel of fizzing bombs.","Crownfall star 1 description","champions/pip/star_1.png","prototype-v0.2/art/pip/star_1.webp (256 px placeholder)"
"011","Pip","Demolitions Enthusiast","★★","Ascension","Set 1 (draft, not yet in a deck)","Tier I · Common","Gearbound","Saboteur","","↑1","3","4","","Special Delivery","Ascend: Scorch 1 each rival champion. Attack: Scorch 1 each rival champion.","","BIGGER BOOM!","Crownfall voice line (gains a star)","Goggles, a bandolier of bigger bombs and a smoking backpack launcher.","Crownfall star 2 description","champions/pip/star_2.png","prototype-v0.2/art/pip/star_2.webp (256 px placeholder)"
"012","Pip","Demolitions Enthusiast","★★★","Ascension","Set 1 (draft, not yet in a deck)","Tier I · Common","Gearbound","Saboteur","","↑1","7","7","","Special Delivery","Ascend: Scorch 2 each rival champion. Attack: Scorch 1 each rival champion.","Breaks 2 shards","Pip wants to go again!","Crownfall voice line (victory)","Pip rides a ridiculous miniature mechanical war machine with a bomb chute.","Crownfall star 3 description","champions/pip/star_3.png","prototype-v0.2/art/pip/star_3.webp (256 px placeholder)"
"013","Solara","Novice of the Dawn","★","Champion","Starter deck: Banner of the Realm (playtested)","Tier I · Common","Dawnforged","Mystic","1","","1","2","","Sun Mend","Arrival: Shield another champion you control.","","Her order believes the Crown is the first sunrise, stolen. She has come to return it.","Crownfall lore","A novice sun priestess with a simple brass staff.","Crownfall star 1 description","champions/solara/star_1.png","prototype-v0.2/art/solara/star_1.webp (256 px placeholder)"
"014","Solara","Novice of the Dawn","★★","Ascension","Set 1 (draft): Banner of the Realm champion, not in its starter Ascension Pile","Tier I · Common","Dawnforged","Mystic","","↑0","3","5","","Sun Mend","Ascend: Shield each champion you control.","","The light answers me now.","Crownfall voice line (gains a star)","Gilded vestments and a sun-disc staff that hums with light.","Crownfall star 2 description","champions/solara/star_2.png","prototype-v0.2/art/solara/star_2.webp (256 px placeholder)"
"015","Solara","Novice of the Dawn","★★★","Ascension","Set 1 (draft): Banner of the Realm champion, not in its starter Ascension Pile","Tier I · Common","Dawnforged","Mystic","","↑1","6","9","","Sun Mend","Ascend: Shield each champion you control. Your other champions have +1 Guard.","Breaks 2 shards","Rest. The sun rises.","Crownfall voice line (victory)","Radiant robes, a floating halo of three suns and wings of morning light.","Crownfall star 3 description","champions/solara/star_3.png","prototype-v0.2/art/solara/star_3.webp (256 px placeholder)"
"016","Fen","Blood of the Pack","★","Champion","Starter deck: Blood & Ember (playtested)","Tier I · Common","Wildkin","Duelist","1","","2","1","","","+1 Might while you have fewer shards than your rival.","","Fen tracks weakness. He learned it from the winters, and the winters were thorough.","Crownfall lore","A lean grey wolf warrior with bone-hilted claws.","Crownfall star 1 description","champions/fen/star_1.png","prototype-v0.2/art/fen/star_1.webp (256 px placeholder)"
"017","Fen","Blood of the Pack","★★","Ascension","Starter deck: Blood & Ember (playtested)","Tier I · Common","Wildkin","Duelist","","↑0","5","4","Ambush","Red Moon Pounce","+1 Might while you have fewer shards than your rival.","","The pack grows.","Crownfall voice line (gains a star)","Scarred and armoured in hide, crimson war paint glowing on his muzzle.","Crownfall star 2 description","champions/fen/star_2.png","prototype-v0.2/art/fen/star_2.webp (256 px placeholder)"
"018","Fen","Blood of the Pack","★★★","Ascension","Starter deck: Blood & Ember (playtested)","Tier I · Common","Wildkin","Duelist","","↑1","9","7","Ambush","Red Moon Pounce","+1 Might while you have fewer shards than your rival. Once per turn, when Fen defeats a champion on your turn, ready Fen.","Breaks 2 shards","Good hunt.","Crownfall voice line (victory)","An alpha of the blood moon; a red spirit-wolf runs beside every leap.","Crownfall star 3 description","champions/fen/star_3.png","prototype-v0.2/art/fen/star_3.webp (256 px placeholder)"
"019","Torren","Shield of the Deep","★","Champion","Set 1 (draft, not yet in a deck)","Tier I · Common","Titanborn","Warden","2","","1","5","Bulwark","","","","The Titanborn say a shield is a promise. Torren has never broken one.","Crownfall lore","A stone-skinned bearer behind a slab shield.","Crownfall star 1 description","champions/torren/star_1.png","prototype-v0.2/art/torren/star_1.webp (256 px placeholder)"
"020","Torren","Shield of the Deep","★★","Ascension","Set 1 (draft, not yet in a deck)","Tier I · Common","Titanborn","Warden","","↑0","3","8","Bulwark","Stonewall","Your other champions have +1 Guard.","","Stone endures.","Crownfall voice line (gains a star)","The shield becomes a carved gate with glowing gold veins.","Crownfall star 2 description","champions/torren/star_2.png","prototype-v0.2/art/torren/star_2.webp (256 px placeholder)"
"021","Torren","Shield of the Deep","★★★","Ascension","Set 1 (draft, not yet in a deck)","Tier I · Common","Titanborn","Warden","","↑1","6","12","Bulwark","Stonewall","Ascend: Shield each champion you control. Your other champions have +1 Guard.","Breaks 2 shards","Promise kept.","Crownfall voice line (victory)","A mountain made small: crystal spires grow from his shoulders and the shield bears a living rune.","Crownfall star 3 description","champions/torren/star_3.png","prototype-v0.2/art/torren/star_3.webp (256 px placeholder)"
"022","Nyx","The Quiet Hand","★","Champion","Set 1 (draft, not yet in a deck)","Tier I · Common","Umbral","Assassin","1","","3","1","Ambush","","","","Nyx stole a star once. She gave it back. Mostly.","Crownfall lore","A hooded thief with two crooked daggers.","Crownfall star 1 description","champions/nyx/star_1.png","prototype-v0.2/art/nyx/star_1.webp (256 px placeholder)"
"023","Nyx","The Quiet Hand","★★","Ascension","Set 1 (draft, not yet in a deck)","Tier I · Common","Umbral","Assassin","","↑0","6","3","Ambush","Fade","Attack: Scorch 1 the defender.","","Quieter. Sharper.","Crownfall voice line (gains a star)","Her cloak drips living shadow; violet eyes glow beneath the hood.","Crownfall star 2 description","champions/nyx/star_2.png","prototype-v0.2/art/nyx/star_2.webp (256 px placeholder)"
"024","Nyx","The Quiet Hand","★★★","Ascension","Set 1 (draft, not yet in a deck)","Tier I · Common","Umbral","Assassin","","↑1","10","5","Ambush, Flight","Fade","Attack: Scorch 2 the defender.","Breaks 2 shards","Gone before they knew.","Crownfall voice line (victory)","Half shadow, half girl: a trail of afterimages follows her and her daggers are carved from night.","Crownfall star 3 description","champions/nyx/star_3.png","prototype-v0.2/art/nyx/star_3.webp (256 px placeholder)"
"025","Emberling","Spark That Learned to Speak","★","Champion","Starter deck: Blood & Ember (playtested)","Tier I · Common","Elemental","Arcanist","1","","1","1","","Kindle","Arrival: Scorch 2 a rival champion.","","She was a candle once. Then someone read a spell too close to her.","Crownfall lore","A small living flame with curious coal eyes.","Crownfall star 1 description","champions/emberling/star_1.png","prototype-v0.2/art/emberling/star_1.webp (256 px placeholder)"
"026","Emberling","Spark That Learned to Speak","★★","Ascension","Set 1 (draft): Blood & Ember champion, not in its starter Ascension Pile","Tier I · Common","Elemental","Arcanist","","↑0","4","3","","Kindle","Ascend: Scorch 2 a rival champion. Attack: Scorch 1 the defender.","","I'm a real fire now!","Crownfall voice line (gains a star)","A crackling fire sprite crowned with blue-hot embers.","Crownfall star 2 description","champions/emberling/star_2.png","prototype-v0.2/art/emberling/star_2.webp (256 px placeholder)"
"027","Emberling","Spark That Learned to Speak","★★★","Ascension","Set 1 (draft): Blood & Ember champion, not in its starter Ascension Pile","Tier I · Common","Elemental","Arcanist","","↑1","8","6","","Kindle","Ascend: Scorch 2 each rival champion. Attack: Scorch 2 the defender.","Breaks 2 shards","Warm, warm, warm!","Crownfall voice line (victory)","A miniature sun-spirit; the air warps around her and her fireballs leave spiralling trails.","Crownfall star 3 description","champions/emberling/star_3.png","prototype-v0.2/art/emberling/star_3.webp (256 px placeholder)"
"028","Rowan","Longbow of the Realm","★","Champion","Starter deck: Banner of the Realm (playtested)","Tier I · Common","Kingdom","Ranger","1","","2","2","Reach","","","","Rowan has never missed at a hundred paces. At a thousand, he says, the wind argues.","Crownfall lore","A kingdom archer with a yew longbow.","Crownfall star 1 description","champions/rowan/star_1.png","prototype-v0.2/art/rowan/star_1.webp (256 px placeholder)"
"029","Rowan","Longbow of the Realm","★★","Ascension","Set 1 (draft): Banner of the Realm champion, not in its starter Ascension Pile","Tier I · Common","Kingdom","Ranger","","↑0","5","4","Reach","Kingsbolt","Attack: Scorch 2 the defender.","","A thousand paces, now.","Crownfall voice line (gains a star)","Royal green tabard and a silver-limbed bow.","Crownfall star 2 description","champions/rowan/star_2.png","prototype-v0.2/art/rowan/star_2.webp (256 px placeholder)"
"030","Rowan","Longbow of the Realm","★★★","Ascension","Set 1 (draft): Banner of the Realm champion, not in its starter Ascension Pile","Tier I · Common","Kingdom","Ranger","","↑1","9","7","Reach","Kingsbolt","Ascend: Scorch 2 a rival champion. Attack: Scorch 2 the defender.","Breaks 2 shards","Clean shots.","Crownfall voice line (victory)","A legendary marksman: arrows of light, a lion cloak and a falcon familiar.","Crownfall star 3 description","champions/rowan/star_3.png","prototype-v0.2/art/rowan/star_3.webp (256 px placeholder)"
"031","Hexie","Apprentice of Mischief","★","Champion","Set 1 (draft, not yet in a deck)","Tier I · Common","Hexbound","Arcanist","1","","1","2","","Unstable Hex","Arrival: A rival champion gets −2 Might this turn.","","Hexie is not supposed to be here. Neither was anything she has ever turned into a toad.","Crownfall lore","An apprentice witch in an oversized hat.","Crownfall star 1 description","champions/hexie/star_1.png","prototype-v0.2/art/hexie/star_1.webp (256 px placeholder)"
"032","Hexie","Apprentice of Mischief","★★","Ascension","Set 1 (draft, not yet in a deck)","Tier I · Common","Hexbound","Arcanist","","↑0","3","5","","Unstable Hex","Ascend: A rival champion gets −3 Might this turn.","","My hat has opinions!","Crownfall voice line (gains a star)","Her hat has grown eyes. Her staff has grown opinions.","Crownfall star 2 description","champions/hexie/star_2.png","prototype-v0.2/art/hexie/star_2.webp (256 px placeholder)"
"033","Hexie","Apprentice of Mischief","★★★","Ascension","Set 1 (draft, not yet in a deck)","Tier I · Common","Hexbound","Arcanist","","↑1","6","8","","Unstable Hex","Ascend: A rival champion gets −4 Might this turn. Attack: Scorch 1 the defender.","Breaks 2 shards","Ribbit. Ha!","Crownfall voice line (victory)","A chaos witch riding a floating cauldron, hexes orbiting like fireflies.","Crownfall star 3 description","champions/hexie/star_3.png","prototype-v0.2/art/hexie/star_3.webp (256 px placeholder)"
"034","Bolt","Unit B-07","★","Champion","Set 1 (draft, not yet in a deck)","Tier I · Common","Gearbound","Vanguard","1","","1","3","","Emergency Plating","Arrival: Shield Bolt.","","Bolt was built to guard a door. The door is gone. Bolt has decided you are the door now.","Crownfall lore","A compact combat automaton with one amber eye.","Crownfall star 1 description","champions/bolt/star_1.png","prototype-v0.2/art/bolt/star_1.webp (256 px placeholder)"
"035","Bolt","Unit B-07","★★","Ascension","Set 1 (draft, not yet in a deck)","Tier I · Common","Gearbound","Vanguard","","↑0","4","7","Bulwark","Emergency Plating","Ascend: Shield Bolt.","","Upgrade accepted.","Crownfall voice line (gains a star)","Reinforced plating, piston fists and a spinning gear core.","Crownfall star 2 description","champions/bolt/star_2.png","prototype-v0.2/art/bolt/star_2.webp (256 px placeholder)"
"036","Bolt","Unit B-07","★★★","Ascension","Set 1 (draft, not yet in a deck)","Tier I · Common","Gearbound","Vanguard","","↑1","7","11","Bulwark","Emergency Plating","Ascend: Shield Bolt. Your other champions have +1 Guard.","Breaks 2 shards","Door secured.","Crownfall voice line (victory)","A gleaming brass guardian with a reactor heart and folding shield vanes.","Crownfall star 3 description","champions/bolt/star_3.png","prototype-v0.2/art/bolt/star_3.webp (256 px placeholder)"
"037","Kael","Seeker of the Crown","★","Champion","Starter deck: Banner of the Realm (playtested)","Tier I · Common","Kingdom","Duelist","2","","3","2","","","","","Everyone in the Crownfall wants the Crown. Kael is the only one who wants to be worthy of it.","Crownfall lore","A young swordsman in travelling leathers.","Crownfall star 1 description","champions/kael/star_1.png","prototype-v0.2/art/kael/star_1.webp (256 px placeholder)"
"038","Kael","Seeker of the Crown","★★","Ascension","Starter deck: Banner of the Realm (playtested)","Tier I · Common","Kingdom","Duelist","","↑0","6","5","","Crescent Slash","Attack: Scorch 1 each rival champion.","","Stronger — for the Crown.","Crownfall voice line (gains a star)","Blue-steel armour and a blade that leaves a crescent of light.","Crownfall star 2 description","champions/kael/star_2.png","prototype-v0.2/art/kael/star_2.webp (256 px placeholder)"
"039","Kael","Seeker of the Crown","★★★","Ascension","Starter deck: Banner of the Realm (playtested)","Tier I · Common","Kingdom","Duelist","","↑1","10","8","","Crescent Slash","Ascend: Scorch 1 each rival champion. Attack: Scorch 1 each rival champion.","Breaks 2 shards","One step closer.","Crownfall voice line (victory)","A crowned hero-in-waiting; his sword blazes with the sigil of a kingdom that does not exist yet.","Crownfall star 3 description","champions/kael/star_3.png","prototype-v0.2/art/kael/star_3.webp (256 px placeholder)"
"040","Solenne Ash","Knight of the Burning Dawn","★","Champion","Starter deck: Banner of the Realm (playtested)","Tier II · Uncommon","Dawnforged","Vanguard","3","","3","3","Charge","","","","Solenne swore to burn away every shadow in the Crownfall. She has started a list.","Crownfall lore","A flame knight in rose-gold plate.","Crownfall star 1 description","champions/solenne/star_1.png","prototype-v0.2/art/solenne/star_1.webp (256 px placeholder)"
"041","Solenne Ash","Knight of the Burning Dawn","★★","Ascension","Starter deck: Banner of the Realm (playtested)","Tier II · Uncommon","Dawnforged","Vanguard","","↑1","6","6","Charge","Solar Charge","Ascend: Scorch 2 a rival champion.","","The dawn burns brighter!","Crownfall voice line (gains a star)","Her plume becomes fire; her blade glows white-hot.","Crownfall star 2 description","champions/solenne/star_2.png","prototype-v0.2/art/solenne/star_2.webp (256 px placeholder)"
"042","Solenne Ash","Knight of the Burning Dawn","★★★","Ascension","Starter deck: Banner of the Realm (playtested)","Tier II · Uncommon","Dawnforged","Vanguard","","↑2","10","9","Charge","Solar Charge","Ascend: Scorch 2 each rival champion.","Breaks 2 shards","Cleansed.","Crownfall voice line (victory)","Sun-forged armour, blazing wings and a trail of dawnfire.","Crownfall star 3 description","champions/solenne/star_3.png","prototype-v0.2/art/solenne/star_3.webp (256 px placeholder)"
"043","Grizz","The Mountain That Walks","★","Champion","Starter deck: Blood & Ember (playtested)","Tier II · Uncommon","Wildkin","Bruiser","3","","4","4","","Maul","+2 Might while blocking.","","Grizz does not understand the Crown. He understands that everyone wants it, and he likes a crowd.","Crownfall lore","An enormous bear warrior with iron-shod claws.","Crownfall star 1 description","champions/grizz/star_1.png","prototype-v0.2/art/grizz/star_1.webp (256 px placeholder)"
"044","Grizz","The Mountain That Walks","★★","Ascension","Set 1 (draft): Blood & Ember champion, not in its starter Ascension Pile","Tier II · Uncommon","Wildkin","Bruiser","","↑1","7","7","","Maul","+2 Might while blocking. Attack: Scorch 1 the defender.","","BIGGER GRAHH!","Crownfall voice line (gains a star)","War-paint and a pauldron made from a mountain troll's skull.","Crownfall star 2 description","champions/grizz/star_2.png","prototype-v0.2/art/grizz/star_2.webp (256 px placeholder)"
"045","Grizz","The Mountain That Walks","★★★","Ascension","Set 1 (draft): Blood & Ember champion, not in its starter Ascension Pile","Tier II · Uncommon","Wildkin","Bruiser","","↑2","11","10","","Maul","+3 Might while blocking. Attack: Scorch 2 the defender.","Breaks 2 shards","Nap time.","Crownfall voice line (victory)","A primal bear-titan whose roar shakes the arena floor.","Crownfall star 3 description","champions/grizz/star_3.png","prototype-v0.2/art/grizz/star_3.webp (256 px placeholder)"
"046","Gearwick-9","Siege Calculator","★","Champion","Set 1 (draft, not yet in a deck)","Tier II · Uncommon","Gearbound","Artillerist","3","","3","2","Reach","Mortar Protocol","Attack: Scorch 1 each rival champion.","","Gearwick-9 has calculated the odds of winning the Crown. It will not tell you them.","Crownfall lore","A clockwork artillery robot with a brass mortar.","Crownfall star 1 description","champions/gearwick/star_1.png","prototype-v0.2/art/gearwick/star_1.webp (256 px placeholder)"
"047","Gearwick-9","Siege Calculator","★★","Ascension","Set 1 (draft, not yet in a deck)","Tier II · Uncommon","Gearbound","Artillerist","","↑1","6","5","Reach","Mortar Protocol","Ascend: Scorch 1 each rival champion. Attack: Scorch 1 each rival champion.","","Additional barrels installed.","Crownfall voice line (gains a star)","Twin barrels and a targeting monocle that clicks.","Crownfall star 2 description","champions/gearwick/star_2.png","prototype-v0.2/art/gearwick/star_2.webp (256 px placeholder)"
"048","Gearwick-9","Siege Calculator","★★★","Ascension","Set 1 (draft, not yet in a deck)","Tier II · Uncommon","Gearbound","Artillerist","","↑2","9","8","Reach","Mortar Protocol","Attack: Scorch 2 each rival champion.","Breaks 2 shards","Odds improved.","Crownfall voice line (victory)","A walking siege tower with a rotary mortar crown.","Crownfall star 3 description","champions/gearwick/star_3.png","prototype-v0.2/art/gearwick/star_3.webp (256 px placeholder)"
"049","Mirella","Voice of the Tides","★","Champion","Starter deck: Blood & Ember (playtested)","Tier II · Uncommon","Elemental","Mystic","2","","1","3","","Tidal Veil","Arrival: Shield another champion you control.","","Mirella can hear every ocean. The Crownfall has none, and the silence frightens her.","Crownfall lore","A water mage with a swirling orb of seawater.","Crownfall star 1 description","champions/mirella/star_1.png","prototype-v0.2/art/mirella/star_1.webp (256 px placeholder)"
"050","Mirella","Voice of the Tides","★★","Ascension","Set 1 (draft): Blood & Ember champion, not in its starter Ascension Pile","Tier II · Uncommon","Elemental","Mystic","","↑1","3","6","","Tidal Veil","Ascend: Shield each champion you control.","","Every ocean sings with me.","Crownfall voice line (gains a star)","Robes of living foam and a coral circlet.","Crownfall star 2 description","champions/mirella/star_2.png","prototype-v0.2/art/mirella/star_2.webp (256 px placeholder)"
"051","Mirella","Voice of the Tides","★★★","Ascension","Set 1 (draft): Blood & Ember champion, not in its starter Ascension Pile","Tier II · Uncommon","Elemental","Mystic","","↑2","6","10","","Tidal Veil","Ascend: Shield each champion you control. Draw a card.","Breaks 2 shards","Calm waters.","Crownfall voice line (victory)","A tide queen: a ring of water orbits her and fish of light swim through it.","Crownfall star 3 description","champions/mirella/star_3.png","prototype-v0.2/art/mirella/star_3.webp (256 px placeholder)"
"052","Shade","The Mask With No Face","★","Champion","Set 1 (draft, not yet in a deck)","Tier II · Uncommon","Umbral","Assassin","2","","3","1","Ambush","","","","Shade has worn many faces. The mask is the only one that stayed.","Crownfall lore","A masked assassin with a red-lacquered blade.","Crownfall star 1 description","champions/shade/star_1.png","prototype-v0.2/art/shade/star_1.webp (256 px placeholder)"
"053","Shade","The Mask With No Face","★★","Ascension","Set 1 (draft, not yet in a deck)","Tier II · Uncommon","Umbral","Assassin","","↑1","6","3","Ambush","Execution Mark","Once per turn, when Shade defeats a champion on your turn, ready Shade.","","The mask cracks. Good.","Crownfall voice line (gains a star)","The mask cracks, revealing a crimson glow beneath.","Crownfall star 2 description","champions/shade/star_2.png","prototype-v0.2/art/shade/star_2.webp (256 px placeholder)"
"054","Shade","The Mask With No Face","★★★","Ascension","Set 1 (draft, not yet in a deck)","Tier II · Uncommon","Umbral","Assassin","","↑2","10","5","Ambush","Execution Mark","Ascend: Defeat each rival champion with Guard 1 or less. Once per turn, when Shade defeats a champion on your turn, ready Shade.","Breaks 2 shards","Executed.","Crownfall voice line (victory)","A wraith of ribbons and knives; the mask floats in front of an empty hood.","Crownfall star 3 description","champions/shade/star_3.png","prototype-v0.2/art/shade/star_3.webp (256 px placeholder)"
"055","Borin Ironbelly","Forgekin Hearthbreaker","★","Champion","Set 1 (draft, not yet in a deck)","Tier II · Uncommon","Titanborn","Bruiser","3","","3","4","","Molten Hammer","Attack: Scorch 1 each rival champion.","","The Forgekin of Titan's Deep sing to metal until it agrees to become a hammer. Borin sings loudest.","Crownfall lore","A broad Forgekin smith: basalt skin, braided beard of copper wire, a glowing hammer.","Crownfall star 1 description","champions/borin/star_1.png","prototype-v0.2/art/borin/star_1.webp (256 px placeholder)"
"056","Borin Ironbelly","Forgekin Hearthbreaker","★★","Ascension","Set 1 (draft, not yet in a deck)","Tier II · Uncommon","Titanborn","Bruiser","","↑1","6","7","","Molten Hammer","Attack: Scorch 1 each rival champion.","","Hammer sings louder!","Crownfall voice line (gains a star)","Magma veins open along his arms; his hammer head is a live forge.","Crownfall star 2 description","champions/borin/star_2.png","prototype-v0.2/art/borin/star_2.webp (256 px placeholder)"
"057","Borin Ironbelly","Forgekin Hearthbreaker","★★★","Ascension","Set 1 (draft, not yet in a deck)","Tier II · Uncommon","Titanborn","Bruiser","","↑2","10","10","Bulwark","Molten Hammer","Attack: Scorch 2 each rival champion.","Breaks 2 shards","Well struck.","Crownfall voice line (victory)","Borin becomes a walking furnace; his beard is molten metal and every step leaves slag.","Crownfall star 3 description","champions/borin/star_3.png","prototype-v0.2/art/borin/star_3.webp (256 px placeholder)"
"058","Seren","Keeper of Starlings","★","Champion","Set 1 (draft, not yet in a deck)","Tier II · Uncommon","Astral","Summoner","2","","1","2","","Starling","Arrival: Draw a card.","","Seren catches falling stars. Some of them want to fight.","Crownfall lore","A star-child with a lantern staff.","Crownfall star 1 description","champions/seren/star_1.png","prototype-v0.2/art/seren/star_1.webp (256 px placeholder)"
"059","Seren","Keeper of Starlings","★★","Ascension","Set 1 (draft, not yet in a deck)","Tier II · Uncommon","Astral","Summoner","","↑1","3","5","Flight","Starling","Ascend: Deploy a ★ champion costing 2 or less from your hand for free.","","More stars, more friends!","Crownfall voice line (gains a star)","A cloak of night sky and a lantern that holds a real star.","Crownfall star 2 description","champions/seren/star_2.png","prototype-v0.2/art/seren/star_2.webp (256 px placeholder)"
"060","Seren","Keeper of Starlings","★★★","Ascension","Set 1 (draft, not yet in a deck)","Tier II · Uncommon","Astral","Summoner","","↑2","6","8","Flight","Starling","Ascend: Deploy a ★ champion costing 3 or less from your hand for free. Draw a card.","Breaks 2 shards","Twinkle, twinkle!","Crownfall voice line (victory)","Constellations sketch themselves around her; a flock of light-birds circles overhead.","Crownfall star 3 description","champions/seren/star_3.png","prototype-v0.2/art/seren/star_3.webp (256 px placeholder)"
"061","Thorn","Blighted Bloom","★","Champion","Set 1 (draft, not yet in a deck)","Tier II · Uncommon","Verdant","Saboteur","2","","2","2","","Toxic Bloom","Arrival: Scorch 1 each rival champion.","","Not every forest wants visitors.","Crownfall lore","A thorned plant warrior with a violet flower head.","Crownfall star 1 description","champions/thorn/star_1.png","prototype-v0.2/art/thorn/star_1.webp (256 px placeholder)"
"062","Thorn","Blighted Bloom","★★","Ascension","Set 1 (draft, not yet in a deck)","Tier II · Uncommon","Verdant","Saboteur","","↑1","4","5","","Toxic Bloom","Ascend: Scorch 1 each rival champion. Block: Scorch 2 the attacker.","","In full bloom.","Crownfall voice line (gains a star)","Poison dripping from purple petals; a thorny spine along his back.","Crownfall star 2 description","champions/thorn/star_2.png","prototype-v0.2/art/thorn/star_2.webp (256 px placeholder)"
"063","Thorn","Blighted Bloom","★★★","Ascension","Set 1 (draft, not yet in a deck)","Tier II · Uncommon","Verdant","Saboteur","","↑2","7","8","","Toxic Bloom","Ascend: Scorch 2 each rival champion. Block: Scorch 2 the attacker.","Breaks 2 shards","The garden wins.","Crownfall voice line (victory)","A carnivorous bloom colossus whose petals exhale toxic spores.","Crownfall star 3 description","champions/thorn/star_3.png","prototype-v0.2/art/thorn/star_3.webp (256 px placeholder)"
"064","Dax Meridian","The Gun Between Worlds","★","Champion","Set 1 (draft, not yet in a deck)","Tier II · Uncommon","Riftborn","Ranger","2","","3","2","Reach","Ricochet","Attack: Scorch 1 a rival champion.","","Dax has fought in forty-one realities. He lost in one, and he is still annoyed about it.","Crownfall lore","A dimensional gunslinger in a dusty long coat.","Crownfall star 1 description","champions/dax/star_1.png","prototype-v0.2/art/dax/star_1.webp (256 px placeholder)"
"065","Dax Meridian","The Gun Between Worlds","★★","Ascension","Set 1 (draft, not yet in a deck)","Tier II · Uncommon","Riftborn","Ranger","","↑1","6","4","Flight","Ricochet","Attack: Scorch 1 each rival champion.","","Forty-two realities, one gun.","Crownfall voice line (gains a star)","Rift cracks glow along his revolver; his coat shows another sky.","Crownfall star 2 description","champions/dax/star_2.png","prototype-v0.2/art/dax/star_2.webp (256 px placeholder)"
"066","Dax Meridian","The Gun Between Worlds","★★★","Ascension","Set 1 (draft, not yet in a deck)","Tier II · Uncommon","Riftborn","Ranger","","↑2","10","7","Flight","Ricochet","Attack: Scorch 2 each rival champion.","Breaks 2 shards","Not the one I lose in.","Crownfall voice line (victory)","A drifter from every timeline at once: ghostly copies echo his shots.","Crownfall star 3 description","champions/dax/star_3.png","prototype-v0.2/art/dax/star_3.webp (256 px placeholder)"
"067","Elara","Field Surgeon of the Realm","★","Champion","Starter deck: Banner of the Realm (playtested)","Tier II · Uncommon","Kingdom","Mystic","3","","1","3","","Last Light","Arrival: Return a ★ champion from your Fallen pile to your hand.","","Elara has saved more soldiers than any general has led.","Crownfall lore","A battlefield healer with a satchel of salves.","Crownfall star 1 description","champions/elara/star_1.png","prototype-v0.2/art/elara/star_1.webp (256 px placeholder)"
"068","Elara","Field Surgeon of the Realm","★★","Ascension","Set 1 (draft): Banner of the Realm champion, not in its starter Ascension Pile","Tier II · Uncommon","Kingdom","Mystic","","↑1","3","6","","Last Light","Ascend: Return a ★ champion from your Fallen pile to your hand.","","No one falls today.","Crownfall voice line (gains a star)","White-and-blue royal vestments; her tome glows.","Crownfall star 2 description","champions/elara/star_2.png","prototype-v0.2/art/elara/star_2.webp (256 px placeholder)"
"069","Elara","Field Surgeon of the Realm","★★★","Ascension","Set 1 (draft): Banner of the Realm champion, not in its starter Ascension Pile","Tier II · Uncommon","Kingdom","Mystic","","↑2","6","9","","Last Light","Ascend: Return up to two ★ champions from your Fallen pile to your hand. Shield each champion you control.","Breaks 2 shards","Everyone accounted for.","Crownfall voice line (victory)","An angel of the field hospital, light pouring from her open tome.","Crownfall star 3 description","champions/elara/star_3.png","prototype-v0.2/art/elara/star_3.webp (256 px placeholder)"
"070","Rask","Pit Champion of Sszar","★","Champion","Set 1 (draft, not yet in a deck)","Tier II · Uncommon","Wildkin","Duelist","2","","3","2","","Predator's Rhythm","+1 Might while you have fewer shards than your rival.","","Rask counts in threes. So do his opponents, briefly.","Crownfall lore","A reptilian gladiator with a notched gladius.","Crownfall star 1 description","champions/rask/star_1.png","prototype-v0.2/art/rask/star_1.webp (256 px placeholder)"
"071","Rask","Pit Champion of Sszar","★★","Ascension","Set 1 (draft, not yet in a deck)","Tier II · Uncommon","Wildkin","Duelist","","↑1","6","5","","Predator's Rhythm","+1 Might while you have fewer shards than your rival. Once per turn, when Rask defeats a champion on your turn, ready Rask.","","The crowd chants my name.","Crownfall voice line (gains a star)","Gilded arena armour and a trophy belt.","Crownfall star 2 description","champions/rask/star_2.png","prototype-v0.2/art/rask/star_2.webp (256 px placeholder)"
"072","Rask","Pit Champion of Sszar","★★★","Ascension","Set 1 (draft, not yet in a deck)","Tier II · Uncommon","Wildkin","Duelist","","↑2","10","8","Ambush","Predator's Rhythm","+1 Might while you have fewer shards than your rival. Once per turn, when Rask defeats a champion on your turn, ready Rask.","Breaks 2 shards","Undefeated.","Crownfall voice line (victory)","The undefeated: golden scales and a cloak of every champion he has bested.","Crownfall star 3 description","champions/rask/star_3.png","prototype-v0.2/art/rask/star_3.webp (256 px placeholder)"
"073","HEX-3","Arcane Prototype","★","Champion","Set 1 (draft, not yet in a deck)","Tier II · Uncommon","Gearbound","Arcanist","2","","2","3","","Mana Reactor","Attack: Scorch 2 the defender.","","Prototypes one and two exploded. HEX-3 is careful. HEX-3 is very, very careful.","Crownfall lore","An experimental robot with a glass mana chamber.","Crownfall star 1 description","champions/hex3/star_1.png","prototype-v0.2/art/hex3/star_1.webp (256 px placeholder)"
"074","HEX-3","Arcane Prototype","★★","Ascension","Set 1 (draft, not yet in a deck)","Tier II · Uncommon","Gearbound","Arcanist","","↑1","5","6","","Mana Reactor","Ascend: Scorch 1 each rival champion. Attack: Scorch 2 the defender.","","Core output increased.","Crownfall voice line (gains a star)","Rune-etched plating; the reactor glows violet.","Crownfall star 2 description","champions/hex3/star_2.png","prototype-v0.2/art/hex3/star_2.webp (256 px placeholder)"
"075","HEX-3","Arcane Prototype","★★★","Ascension","Set 1 (draft, not yet in a deck)","Tier II · Uncommon","Gearbound","Arcanist","","↑2","8","9","Bulwark","Mana Reactor","Attack: Scorch 3 the defender.","Breaks 2 shards","Did not explode.","Crownfall voice line (victory)","A levitating arcane engine with three orbiting reactor cores.","Crownfall star 3 description","champions/hex3/star_3.png","prototype-v0.2/art/hex3/star_3.webp (256 px placeholder)"
"076","Valkara","Wing of Judgment","★","Champion","Set 1 (draft, not yet in a deck)","Tier III · Elite","Astral","Duelist","3","","4","3","Flight","","","","Valkara judges. The verdict is usually ""from above"".","Crownfall lore","A winged celestial warrior with a spear-sword.","Crownfall star 1 description","champions/valkara/star_1.png","prototype-v0.2/art/valkara/star_1.webp (256 px placeholder)"
"077","Valkara","Wing of Judgment","★★","Ascension","Set 1 (draft, not yet in a deck)","Tier III · Elite","Astral","Duelist","","↑1","7","6","Flight","Judgment Dive","Ascend: Scorch 2 a rival champion.","","My wings are sharper.","Crownfall voice line (gains a star)","Wings of starlight and a gilded war-helm.","Crownfall star 2 description","champions/valkara/star_2.png","prototype-v0.2/art/valkara/star_2.webp (256 px placeholder)"
"078","Valkara","Wing of Judgment","★★★","Ascension","Set 1 (draft, not yet in a deck)","Tier III · Elite","Astral","Duelist","","↑2","11","9","Flight","Judgment Dive","Ascend: Scorch 2 each rival champion.","Breaks 2 shards","The verdict stands.","Crownfall voice line (victory)","Six wings, a halo of blades and a dive that splits the sky.","Crownfall star 3 description","champions/valkara/star_3.png","prototype-v0.2/art/valkara/star_3.webp (256 px placeholder)"
"079","Dreadmouth","The Hunger Below","★","Champion","Set 1 (draft, not yet in a deck)","Tier III · Elite","Hollow","Bruiser","4","","5","4","","Devour","When Dreadmouth defeats a champion on your turn, Shield Dreadmouth.","","It ate a kingdom once. It is still hungry.","Crownfall lore","An enormous hollow creature that is mostly jaw.","Crownfall star 1 description","champions/dreadmouth/star_1.png","prototype-v0.2/art/dreadmouth/star_1.webp (256 px placeholder)"
"080","Dreadmouth","The Hunger Below","★★","Ascension","Set 1 (draft, not yet in a deck)","Tier III · Elite","Hollow","Bruiser","","↑1","8","7","","Devour","When Dreadmouth defeats a champion on your turn, Shield Dreadmouth.","","MORE TEETH.","Crownfall voice line (gains a star)","Bone plates, a second jaw, and ghostfire in its throat.","Crownfall star 2 description","champions/dreadmouth/star_2.png","prototype-v0.2/art/dreadmouth/star_2.webp (256 px placeholder)"
"081","Dreadmouth","The Hunger Below","★★★","Ascension","Set 1 (draft, not yet in a deck)","Tier III · Elite","Hollow","Bruiser","","↑2","12","10","","Devour","When Dreadmouth defeats a champion on your turn, Shield Dreadmouth. Attack: Scorch 2 the defender.","Breaks 2 shards","Delicious.","Crownfall voice line (victory)","A leviathan of the dead: an entire graveyard of teeth.","Crownfall star 3 description","champions/dreadmouth/star_3.png","prototype-v0.2/art/dreadmouth/star_3.webp (256 px placeholder)"
"082","Professor Spark","Arc-Engineer Extraordinaire","★","Champion","Set 1 (draft, not yet in a deck)","Tier III · Elite","Gearbound","Summoner","3","","2","3","","Deploy Turret","Arrival: Deploy a ★ champion costing 1 or less from your hand for free.","","Professor Spark was expelled from four academies for ""excessive voltage"".","Crownfall lore","A wild-haired engineer with a wrench and a tool-pack.","Crownfall star 1 description","champions/spark/star_1.png","prototype-v0.2/art/spark/star_1.webp (256 px placeholder)"
"083","Professor Spark","Arc-Engineer Extraordinaire","★★","Ascension","Set 1 (draft, not yet in a deck)","Tier III · Elite","Gearbound","Summoner","","↑1","5","6","","Deploy Turret","Ascend: Deploy a ★ champion costing 2 or less from your hand for free.","","Version two, even better!","Crownfall voice line (gains a star)","A mechanical arm grows from the pack; goggles spark.","Crownfall star 2 description","champions/spark/star_2.png","prototype-v0.2/art/spark/star_2.webp (256 px placeholder)"
"084","Professor Spark","Arc-Engineer Extraordinaire","★★★","Ascension","Set 1 (draft, not yet in a deck)","Tier III · Elite","Gearbound","Summoner","","↑2","8","9","Bulwark","Deploy Turret","Ascend: Deploy a ★ champion costing 3 or less from your hand for free. Your other champions have +1 Guard.","Breaks 2 shards","Science wins again!","Crownfall voice line (victory)","He sits in a walking workshop that builds turrets on the fly.","Crownfall star 3 description","champions/spark/star_3.png","prototype-v0.2/art/spark/star_3.webp (256 px placeholder)"
"085","Orion","The Constellation Sniper","★","Champion","Set 1 (draft, not yet in a deck)","Tier III · Elite","Astral","Ranger","3","","4","2","Reach","Constellation Shot","Attack: Scorch 2 the defender.","","Orion names every star he fires. He is running out of names.","Crownfall lore","A star-powered sniper with a crescent longbow.","Crownfall star 1 description","champions/orion/star_1.png","prototype-v0.2/art/orion/star_1.webp (256 px placeholder)"
"086","Orion","The Constellation Sniper","★★","Ascension","Set 1 (draft, not yet in a deck)","Tier III · Elite","Astral","Ranger","","↑1","7","5","Reach","Constellation Shot","Ascend: Scorch 3 a rival champion. Attack: Scorch 2 the defender.","","The constellations align.","Crownfall voice line (gains a star)","Constellations glow across his armour; his bow draws starlight.","Crownfall star 2 description","champions/orion/star_2.png","prototype-v0.2/art/orion/star_2.webp (256 px placeholder)"
"087","Orion","The Constellation Sniper","★★★","Ascension","Set 1 (draft, not yet in a deck)","Tier III · Elite","Astral","Ranger","","↑2","11","8","Reach","Constellation Shot","Ascend: Scorch 4 a rival champion. Attack: Scorch 2 the defender.","Breaks 2 shards","Named and claimed.","Crownfall voice line (victory)","A hunter of gods: his arrows are comets.","Crownfall star 3 description","champions/orion/star_3.png","prototype-v0.2/art/orion/star_3.webp (256 px placeholder)"
"088","Maeve","The Old Bargain","★","Champion","Set 1 (draft, not yet in a deck)","Tier III · Elite","Verdant · Hexbound","Mystic","3","","2","4","","Nature's Bargain","Arrival: A rival champion gets −2 Might this turn. Shield another champion you control.","","Maeve always keeps her bargains. That is what makes them frightening.","Crownfall lore","An ancient forest witch with a staff of living wood.","Crownfall star 1 description","champions/maeve/star_1.png","prototype-v0.2/art/maeve/star_1.webp (256 px placeholder)"
"089","Maeve","The Old Bargain","★★","Ascension","Set 1 (draft, not yet in a deck)","Tier III · Elite","Verdant · Hexbound","Mystic","","↑1","4","7","","Nature's Bargain","Ascend: A rival champion gets −3 Might this turn. Shield a champion you control.","","The old bargain holds.","Crownfall voice line (gains a star)","Antlers of bone and branch; her shadow is a tree.","Crownfall star 2 description","champions/maeve/star_2.png","prototype-v0.2/art/maeve/star_2.webp (256 px placeholder)"
"090","Maeve","The Old Bargain","★★★","Ascension","Set 1 (draft, not yet in a deck)","Tier III · Elite","Verdant · Hexbound","Mystic","","↑2","7","10","","Nature's Bargain","Ascend: Scorch 2 each rival champion. Shield each champion you control.","Breaks 2 shards","Debts collected.","Crownfall voice line (victory)","The forest itself leans in to listen: moths of light circle her crown of antlers.","Crownfall star 3 description","champions/maeve/star_3.png","prototype-v0.2/art/maeve/star_3.webp (256 px placeholder)"
"091","Ronin Zero","The Frame That Wanders","★","Champion","Set 1 (draft, not yet in a deck)","Tier III · Elite","Voltborn","Duelist","3","","4","3","Charge","","","","Ronin Zero forgot his master's name. He did not forget the technique.","Crownfall lore","A cybernetic wandering swordsman with a straw-coloured visor.","Crownfall star 1 description","champions/ronin/star_1.png","prototype-v0.2/art/ronin/star_1.webp (256 px placeholder)"
"092","Ronin Zero","The Frame That Wanders","★★","Ascension","Set 1 (draft, not yet in a deck)","Tier III · Elite","Voltborn","Duelist","","↑1","7","6","Charge","Zero Frame","Once per turn, when Ronin Zero defeats a champion on your turn, ready Ronin Zero.","","Faster than memory.","Crownfall voice line (gains a star)","Arc lines trace his frame; his blade hums.","Crownfall star 2 description","champions/ronin/star_2.png","prototype-v0.2/art/ronin/star_2.webp (256 px placeholder)"
"093","Ronin Zero","The Frame That Wanders","★★★","Ascension","Set 1 (draft, not yet in a deck)","Tier III · Elite","Voltborn","Duelist","","↑2","11","9","Charge, Ambush","Zero Frame","Once per turn, when Ronin Zero defeats a champion on your turn, ready Ronin Zero.","Breaks 2 shards","The technique remains.","Crownfall voice line (victory)","He moves faster than his own afterimages; a lightning scabbard crackles at his hip.","Crownfall star 3 description","champions/ronin/star_3.png","prototype-v0.2/art/ronin/star_3.webp (256 px placeholder)"
"094","Ignara","The Living Pyre","★","Champion","Starter deck: Blood & Ember (playtested)","Tier III · Elite","Elemental","Vanguard","3","","3","4","","Inferno Shell","Block: Scorch 2 the attacker.","","Ignara was born in a volcano. She considers everywhere else cold.","Crownfall lore","A fire elemental warrior in cooling obsidian armour.","Crownfall star 1 description","champions/ignara/star_1.png","prototype-v0.2/art/ignara/star_1.webp (256 px placeholder)"
"095","Ignara","The Living Pyre","★★","Ascension","Starter deck: Blood & Ember (playtested)","Tier III · Elite","Elemental","Vanguard","","↑1","6","7","","Inferno Shell","Block: Scorch 2 the attacker.","","Burn brighter!","Crownfall voice line (gains a star)","The armour cracks and roars with flame.","Crownfall star 2 description","champions/ignara/star_2.png","prototype-v0.2/art/ignara/star_2.webp (256 px placeholder)"
"096","Ignara","The Living Pyre","★★★","Ascension","Starter deck: Blood & Ember (playtested)","Tier III · Elite","Elemental","Vanguard","","↑2","9","10","Bulwark","Inferno Shell","Block: Scorch 2 the attacker. This also happens when Ignara is attacked.","Breaks 2 shards","Only ash.","Crownfall voice line (victory)","A pillar of fire in the shape of a woman; the air itself is burning.","Crownfall star 3 description","champions/ignara/star_3.png","prototype-v0.2/art/ignara/star_3.webp (256 px placeholder)"
"097","Morrow","The Gravecaller","★","Champion","Set 1 (draft, not yet in a deck)","Tier III · Elite","Hollow","Summoner","3","","2","3","","Raise Fallen","Arrival: Return a ★ champion from your Fallen pile to your hand.","","Morrow believes death is a waste of good soldiers.","Crownfall lore","A gaunt necromancer with a bone scythe.","Crownfall star 1 description","champions/morrow/star_1.png","prototype-v0.2/art/morrow/star_1.webp (256 px placeholder)"
"098","Morrow","The Gravecaller","★★","Ascension","Set 1 (draft, not yet in a deck)","Tier III · Elite","Hollow","Summoner","","↑1","5","6","","Raise Fallen","Ascend: Deploy a ★ champion costing 2 or less from your Fallen pile for free.","","My legion grows.","Crownfall voice line (gains a star)","Ghostlights orbit him and his robes are stitched from banners.","Crownfall star 2 description","champions/morrow/star_2.png","prototype-v0.2/art/morrow/star_2.webp (256 px placeholder)"
"099","Morrow","The Gravecaller","★★★","Ascension","Set 1 (draft, not yet in a deck)","Tier III · Elite","Hollow","Summoner","","↑2","8","9","","Raise Fallen","Ascend: Deploy a ★ champion costing 3 or less from your Fallen pile for free. Return a ★ champion from your Fallen pile to your hand.","Breaks 2 shards","Rise, and rest.","Crownfall voice line (victory)","A lord of the grave crowned in spectral candles.","Crownfall star 3 description","champions/morrow/star_3.png","prototype-v0.2/art/morrow/star_3.webp (256 px placeholder)"
"100","Captain Blacktide","Terror of the Rift Seas","★","Champion","Set 1 (draft, not yet in a deck)","Tier III · Elite","Riftborn","Artillerist","4","","4","3","Reach","Broadside","Attack: Scorch 1 each rival champion.","","Blacktide sails seas that exist only between realities. He charges tolls.","Crownfall lore","A dimensional pirate captain with a hand cannon.","Crownfall star 1 description","champions/blacktide/star_1.png","prototype-v0.2/art/blacktide/star_1.webp (256 px placeholder)"
"101","Captain Blacktide","Terror of the Rift Seas","★★","Ascension","Set 1 (draft, not yet in a deck)","Tier III · Elite","Riftborn","Artillerist","","↑1","7","6","Reach","Broadside","Attack: Scorch 2 each rival champion.","","Crew, to the cannons!","Crownfall voice line (gains a star)","A spectral crew appears behind him; his coat drips seawater from nowhere.","Crownfall star 2 description","champions/blacktide/star_2.png","prototype-v0.2/art/blacktide/star_2.webp (256 px placeholder)"
"102","Captain Blacktide","Terror of the Rift Seas","★★★","Ascension","Set 1 (draft, not yet in a deck)","Tier III · Elite","Riftborn","Artillerist","","↑2","10","9","Reach","Broadside","Ascend: Scorch 2 each rival champion. Attack: Scorch 2 each rival champion.","Breaks 2 shards","Plunder!","Crownfall voice line (victory)","A ghost galleon's figurehead rises behind him as he fires.","Crownfall star 3 description","champions/blacktide/star_3.png","prototype-v0.2/art/blacktide/star_3.webp (256 px placeholder)"
"103","Aurelia","Crown Commander","★","Champion","Starter deck: Banner of the Realm (playtested)","Tier III · Elite","Kingdom","Commander","4","","3","4","","Rally the Crown","Attack: Your other champions get +1 Might this turn.","","Aurelia already has a crown. She wants to know why this one is bigger.","Crownfall lore","A royal battle commander in blue and gold.","Crownfall star 1 description","champions/aurelia/star_1.png","prototype-v0.2/art/aurelia/star_1.webp (256 px placeholder)"
"104","Aurelia","Crown Commander","★★","Ascension","Starter deck: Banner of the Realm (playtested)","Tier III · Elite","Kingdom","Commander","","↑1","6","7","","Rally the Crown","Your other champions have +1 Might.","","For the realm!","Crownfall voice line (gains a star)","A standard bearer marches behind her; her circlet glows.","Crownfall star 2 description","champions/aurelia/star_2.png","prototype-v0.2/art/aurelia/star_2.webp (256 px placeholder)"
"105","Aurelia","Crown Commander","★★★","Ascension","Starter deck: Banner of the Realm (playtested)","Tier III · Elite","Kingdom","Commander","","↑2","9","10","","Rally the Crown","Your other champions have +1 Might and +1 Guard.","Breaks 2 shards","Victory for the Crown.","Crownfall voice line (victory)","Crowned in light, her banner becomes a column of gold.","Crownfall star 3 description","champions/aurelia/star_3.png","prototype-v0.2/art/aurelia/star_3.webp (256 px placeholder)"
"106","Knuckle","Pit King","★","Champion","Set 1 (draft, not yet in a deck)","Tier III · Elite","Titanborn","Bruiser","4","","5","5","","Arena Breaker","Attack: The defender gets −2 Might this turn.","","Knuckle has never lost a fight in the Underpits. He is here to see if the surface is any harder.","Crownfall lore","An enormous stone pit fighter with taped fists.","Crownfall star 1 description","champions/knuckle/star_1.png","prototype-v0.2/art/knuckle/star_1.webp (256 px placeholder)"
"107","Knuckle","Pit King","★★","Ascension","Set 1 (draft, not yet in a deck)","Tier III · Elite","Titanborn","Bruiser","","↑1","8","8","","Arena Breaker","Attack: The defender gets −3 Might this turn.","","Champion of two worlds.","Crownfall voice line (gains a star)","Championship belts and cracks of gold in his granite skin.","Crownfall star 2 description","champions/knuckle/star_2.png","prototype-v0.2/art/knuckle/star_2.webp (256 px placeholder)"
"108","Knuckle","Pit King","★★★","Ascension","Set 1 (draft, not yet in a deck)","Tier III · Elite","Titanborn","Bruiser","","↑2","12","11","Bulwark","Arena Breaker","Attack: The defender gets −4 Might this turn.","Breaks 2 shards","Next!","Crownfall voice line (victory)","A living landslide with fists like siege rams.","Crownfall star 3 description","champions/knuckle/star_3.png","prototype-v0.2/art/knuckle/star_3.webp (256 px placeholder)"
"109","Zyrak","Shard of the Far Lattice","★","Champion","Set 1 (draft, not yet in a deck)","Tier III · Elite","Riftborn","Arcanist","3","","2","3","Flight","Prismatic Collapse","Arrival: Scorch 2 a rival champion.","","Zyrak speaks in light. Most listeners go briefly blind; Zyrak considers this rude.","Crownfall lore","A crystal alien with a floating prism.","Crownfall star 1 description","champions/zyrak/star_1.png","prototype-v0.2/art/zyrak/star_1.webp (256 px placeholder)"
"110","Zyrak","Shard of the Far Lattice","★★","Ascension","Set 1 (draft, not yet in a deck)","Tier III · Elite","Riftborn","Arcanist","","↑1","5","6","Flight","Prismatic Collapse","Ascend: Scorch 2 each rival champion.","","* shines brighter *","Crownfall voice line (gains a star)","More facets, more light; a halo of crystal shards.","Crownfall star 2 description","champions/zyrak/star_2.png","prototype-v0.2/art/zyrak/star_2.webp (256 px placeholder)"
"111","Zyrak","Shard of the Far Lattice","★★★","Ascension","Set 1 (draft, not yet in a deck)","Tier III · Elite","Riftborn","Arcanist","","↑2","8","9","Flight","Prismatic Collapse","Ascend: Scorch 3 each rival champion.","Breaks 2 shards","* hums in triumph *","Crownfall voice line (victory)","A walking cathedral of prisms refracting impossible colours.","Crownfall star 3 description","champions/zyrak/star_3.png","prototype-v0.2/art/zyrak/star_3.webp (256 px placeholder)"
"112","Astryon","The Seven-Star Blade","★","Champion","Set 1 (draft, not yet in a deck)","Tier IV · Epic","Astral","Duelist","5","","6","4","Flight","Seven-Star Dance","Attack: Scorch 1 each rival champion.","","Astryon has cut down seven stars. He intends the Crown to be the eighth.","Crownfall lore","A silver celestial swordsman.","Crownfall star 1 description","champions/astryon/star_1.png","prototype-v0.2/art/astryon/star_1.webp (256 px placeholder)"
"113","Astryon","The Seven-Star Blade","★★","Ascension","Set 1 (draft, not yet in a deck)","Tier IV · Epic","Astral","Duelist","","↑1","9","7","Flight","Seven-Star Dance","Attack: Scorch 1 each rival champion. Once per turn, when Astryon defeats a champion on your turn, ready Astryon.","","My blades multiply.","Crownfall voice line (gains a star)","Gold-and-white armour; two celestial blades float at his back and constellations trail his strikes.","Crownfall star 2 description","champions/astryon/star_2.png","prototype-v0.2/art/astryon/star_2.webp (256 px placeholder)"
"114","Astryon","The Seven-Star Blade","★★★","Ascension","Set 1 (draft, not yet in a deck)","Tier IV · Epic","Astral","Duelist","","↑2","13","10","Flight","Seven-Star Dance","Attack: Scorch 2 each rival champion. Once per turn, when Astryon defeats a champion on your turn, ready Astryon.","Breaks 2 shards","Seven stars — fall!","Crownfall voice line (ultimate)","Cosmic armour, six spectral swords orbiting him and a starfield aura. His ultimate turns the arena to space.","Crownfall star 3 description","champions/astryon/star_3.png","prototype-v0.2/art/astryon/star_3.webp (256 px placeholder)"
"115","Queen Vespera","Monarch of the Umbral Court","★","Champion","Set 1 (draft, not yet in a deck)","Tier IV · Epic","Umbral","Summoner","4","","3","4","","Court of Shadows","Arrival: Deploy a ★ champion costing 2 or less from your hand for free.","","Vespera rules a court that exists only when no one is looking.","Crownfall lore","A pale shadow monarch on invisible stairs.","Crownfall star 1 description","champions/vespera/star_1.png","prototype-v0.2/art/vespera/star_1.webp (256 px placeholder)"
"116","Queen Vespera","Monarch of the Umbral Court","★★","Ascension","Set 1 (draft, not yet in a deck)","Tier IV · Epic","Umbral","Summoner","","↑1","6","7","","Court of Shadows","Ascend: Deploy a ★ champion costing 3 or less from your hand for free. Your other champions have +1 Might.","","My courtiers grow bold.","Crownfall voice line (gains a star)","Her train becomes a river of shadow courtiers.","Crownfall star 2 description","champions/vespera/star_2.png","prototype-v0.2/art/vespera/star_2.webp (256 px placeholder)"
"117","Queen Vespera","Monarch of the Umbral Court","★★★","Ascension","Set 1 (draft, not yet in a deck)","Tier IV · Epic","Umbral","Summoner","","↑2","9","10","","Court of Shadows","Ascend: Deploy a ★ champion costing 3 or less from your Fallen pile for free. Your other champions have +1 Might.","Breaks 2 shards","Rise, my court!","Crownfall voice line (ultimate)","A throne of night rises behind her; her crown is an eclipse.","Crownfall star 3 description","champions/vespera/star_3.png","prototype-v0.2/art/vespera/star_3.webp (256 px placeholder)"
"118","Titan Rho","The Last Fortress","★","Champion","Set 1 (draft, not yet in a deck)","Tier IV · Epic","Gearbound","Warden","5","","3","8","Bulwark, Reach","","","","Titan Rho guarded a city for ten thousand years. It does not know the city fell.","Crownfall lore","An enormous ancient war machine on tread-legs.","Crownfall star 1 description","champions/titanrho/star_1.png","prototype-v0.2/art/titanrho/star_1.webp (256 px placeholder)"
"119","Titan Rho","The Last Fortress","★★","Ascension","Set 1 (draft, not yet in a deck)","Tier IV · Epic","Gearbound","Warden","","↑1","6","11","Bulwark, Reach","Fortress Mode","Ascend: Shield Titan Rho. Block: Scorch 2 the attacker.","","Fortress systems expanded.","Crownfall voice line (gains a star)","Fold-out cannon towers and a reactor crown.","Crownfall star 2 description","champions/titanrho/star_2.png","prototype-v0.2/art/titanrho/star_2.webp (256 px placeholder)"
"120","Titan Rho","The Last Fortress","★★★","Ascension","Set 1 (draft, not yet in a deck)","Tier IV · Epic","Gearbound","Warden","","↑2","9","14","Bulwark, Reach","Fortress Mode","Ascend: Shield each champion you control. Block: Scorch 3 the attacker.","Breaks 2 shards","Fortress mode.","Crownfall voice line (ultimate)","A walking citadel with a garrison of tiny brass drones.","Crownfall star 3 description","champions/titanrho/star_3.png","prototype-v0.2/art/titanrho/star_3.webp (256 px placeholder)"
"121","Pyrax","Dragon-Blooded","★","Champion","Starter deck: Blood & Ember (playtested)","Tier IV · Epic","Elemental","Bruiser","4","","5","4","","","","","Pyrax's grandmother was a dragon. Pyrax intends to be one too.","Crownfall lore","A dragon-blooded warrior with ember scales on her arms.","Crownfall star 1 description","champions/pyrax/star_1.png","prototype-v0.2/art/pyrax/star_1.webp (256 px placeholder)"
"122","Pyrax","Dragon-Blooded","★★","Ascension","Starter deck: Blood & Ember (playtested)","Tier IV · Epic","Elemental","Bruiser","","↑1","8","8","","Dragonheart","Ascend: Scorch 1 each rival champion.","","The dragon wakes.","Crownfall voice line (gains a star)","Horns and a burning tail; half her body is scaled.","Crownfall star 2 description","champions/pyrax/star_2.png","prototype-v0.2/art/pyrax/star_2.webp (256 px placeholder)"
"123","Pyrax","Dragon-Blooded","★★★","Ascension","Starter deck: Blood & Ember (playtested)","Tier IV · Epic","Elemental","Bruiser","","↑2","11","11","","Dragonheart","Ascend: Scorch 2 each rival champion. Attack: Scorch 2 the defender.","Breaks 2 shards","Breathe fire!","Crownfall voice line (ultimate)","She becomes a dragon in all but wings, and the wings are coming.","Crownfall star 3 description","champions/pyrax/star_3.png","prototype-v0.2/art/pyrax/star_3.webp (256 px placeholder)"
"124","Elysian","Grace of the Firmament","★","Champion","Set 1 (draft, not yet in a deck)","Tier IV · Epic","Astral","Mystic","5","","3","6","Flight","Divine Intervention","Arrival: Shield each champion you control.","","Elysian does not believe anyone deserves to die in the Crownfall. The Crownfall disagrees.","Crownfall lore","A serene celestial healer with feathered wings.","Crownfall star 1 description","champions/elysian/star_1.png","prototype-v0.2/art/elysian/star_1.webp (256 px placeholder)"
"125","Elysian","Grace of the Firmament","★★","Ascension","Set 1 (draft, not yet in a deck)","Tier IV · Epic","Astral","Mystic","","↑1","6","9","Flight","Divine Intervention","Ascend: Shield each champion you control. Your other champions have +1 Guard.","","My wings shelter many.","Crownfall voice line (gains a star)","A second pair of wings and a halo of script.","Crownfall star 2 description","champions/elysian/star_2.png","prototype-v0.2/art/elysian/star_2.webp (256 px placeholder)"
"126","Elysian","Grace of the Firmament","★★★","Ascension","Set 1 (draft, not yet in a deck)","Tier IV · Epic","Astral","Mystic","","↑2","9","12","Flight","Divine Intervention","Ascend: Shield each champion you control, then Mend 1.","Breaks 2 shards","Not yet — live!","Crownfall voice line (ultimate)","A seraph of the firmament; her wings are made of dawn.","Crownfall star 3 description","champions/elysian/star_3.png","prototype-v0.2/art/elysian/star_3.webp (256 px placeholder)"
"127","General Varr","The Unbroken Line","★","Champion","Starter deck: Banner of the Realm (playtested)","Tier IV · Epic","Kingdom","Commander · Vanguard","5","","4","6","Bulwark","Hold the Line","Your other champions have +1 Guard.","","Varr has held every line he was given. He was never given the Crown.","Crownfall lore","A grizzled kingdom commander with a tower shield.","Crownfall star 1 description","champions/varr/star_1.png","prototype-v0.2/art/varr/star_1.webp (256 px placeholder)"
"128","General Varr","The Unbroken Line","★★","Ascension","Set 1 (draft): Banner of the Realm champion, not in its starter Ascension Pile","Tier IV · Epic","Kingdom","Commander · Vanguard","","↑1","7","9","Bulwark","Hold the Line","Ascend: Shield each champion you control. Your other champions have +1 Guard.","","The line does not break.","Crownfall voice line (gains a star)","Medals of every war and a banner-spear.","Crownfall star 2 description","champions/varr/star_2.png","prototype-v0.2/art/varr/star_2.webp (256 px placeholder)"
"129","General Varr","The Unbroken Line","★★★","Ascension","Set 1 (draft): Banner of the Realm champion, not in its starter Ascension Pile","Tier IV · Epic","Kingdom","Commander · Vanguard","","↑2","10","12","Bulwark","Hold the Line","Ascend: Shield each champion you control. Your other champions have +2 Guard.","Breaks 2 shards","Hold the line!","Crownfall voice line (ultimate)","A legend of the line, flanked by phantom shieldbearers.","Crownfall star 3 description","champions/varr/star_3.png","prototype-v0.2/art/varr/star_3.webp (256 px placeholder)"
"130","Veilwalker","The Anomaly","★","Champion","Set 1 (draft, not yet in a deck)","Tier IV · Epic","Riftborn","Assassin","4","","6","3","Flight, Ambush","","","","The Veilwalker is what happens when a door between worlds learns to walk.","Crownfall lore","A living dimensional anomaly in a tattered shape.","Crownfall star 1 description","champions/veilwalker/star_1.png","prototype-v0.2/art/veilwalker/star_1.webp (256 px placeholder)"
"131","Veilwalker","The Anomaly","★★","Ascension","Set 1 (draft, not yet in a deck)","Tier IV · Epic","Riftborn","Assassin","","↑1","9","6","Flight, Ambush","Reality Cut","Attack: Scorch 2 the defender.","","* more of the world goes missing *","Crownfall voice line (gains a star)","Its edges tear into other skies.","Crownfall star 2 description","champions/veilwalker/star_2.png","prototype-v0.2/art/veilwalker/star_2.webp (256 px placeholder)"
"132","Veilwalker","The Anomaly","★★★","Ascension","Set 1 (draft, not yet in a deck)","Tier IV · Epic","Riftborn","Assassin","","↑2","13","8","Flight, Ambush","Reality Cut","Ascend: Defeat each rival champion with Guard 2 or less. Attack: Scorch 2 the defender.","Breaks 2 shards","Between here — and there.","Crownfall voice line (ultimate)","A hole in the world holding a blade.","Crownfall star 3 description","champions/veilwalker/star_3.png","prototype-v0.2/art/veilwalker/star_3.webp (256 px placeholder)"
"133","Gaia Prime","The Worldroot","★","Champion","Set 1 (draft, not yet in a deck)","Tier IV · Epic","Verdant","Warden","5","","3","7","Bulwark","Worldroot","Arrival: Scorch 2 each rival champion.","","Gaia Prime was old when the Crownfall was built. She remembers who built it.","Crownfall lore","An ancient living tree titan.","Crownfall star 1 description","champions/gaia/star_1.png","prototype-v0.2/art/gaia/star_1.webp (256 px placeholder)"
"134","Gaia Prime","The Worldroot","★★","Ascension","Set 1 (draft, not yet in a deck)","Tier IV · Epic","Verdant","Warden","","↑1","6","10","Bulwark","Worldroot","Ascend: Scorch 2 each rival champion. Your other champions have +1 Guard.","","The forest walks with me.","Crownfall voice line (gains a star)","Blossoms and a canopy crown; birds nest in her shoulders.","Crownfall star 2 description","champions/gaia/star_2.png","prototype-v0.2/art/gaia/star_2.webp (256 px placeholder)"
"135","Gaia Prime","The Worldroot","★★★","Ascension","Set 1 (draft, not yet in a deck)","Tier IV · Epic","Verdant","Warden","","↑2","9","13","Bulwark","Worldroot","Ascend: Scorch 3 each rival champion. Your other champions have +1 Guard.","Breaks 2 shards","Worldroot!","Crownfall voice line (ultimate)","A walking forest; the ground turns green where she stands.","Crownfall star 3 description","champions/gaia/star_3.png","prototype-v0.2/art/gaia/star_3.webp (256 px placeholder)"
"136","Lady Volt","Thunder in Heels","★","Champion","Set 1 (draft, not yet in a deck)","Tier IV · Epic","Voltborn","Duelist","4","","5","3","Charge","Thunderstep","Once per turn, when Lady Volt defeats a champion on your turn, ready Lady Volt.","","Lady Volt has never lost a duel. She considers most battles to be several duels at once.","Crownfall lore","An elite lightning duelist with a rapier.","Crownfall star 1 description","champions/ladyvolt/star_1.png","prototype-v0.2/art/ladyvolt/star_1.webp (256 px placeholder)"
"137","Lady Volt","Thunder in Heels","★★","Ascension","Set 1 (draft, not yet in a deck)","Tier IV · Epic","Voltborn","Duelist","","↑1","8","6","Charge","Thunderstep","Attack: Scorch 1 each rival champion. Once per turn, when Lady Volt defeats a champion on your turn, ready Lady Volt.","","Lightning, en garde.","Crownfall voice line (gains a star)","Storm-silver armour; her hair crackles.","Crownfall star 2 description","champions/ladyvolt/star_2.png","prototype-v0.2/art/ladyvolt/star_2.webp (256 px placeholder)"
"138","Lady Volt","Thunder in Heels","★★★","Ascension","Set 1 (draft, not yet in a deck)","Tier IV · Epic","Voltborn","Duelist","","↑2","12","9","Charge","Thunderstep","Ascend: Ready another champion you control. Once per turn, when Lady Volt defeats a champion on your turn, ready Lady Volt.","Breaks 2 shards","Thunderstep!","Crownfall voice line (ultimate)","She is lightning with a sword; thunder arrives a heartbeat after her.","Crownfall star 3 description","champions/ladyvolt/star_3.png","prototype-v0.2/art/ladyvolt/star_3.webp (256 px placeholder)"
"139","Vessimer","The Tinctor","★","Champion","Set 1 (draft, not yet in a deck)","Tier IV · Epic","Hexbound","Saboteur","4","","3","4","","Grand Experiment","Arrival: Scorch 2 a rival champion. A rival champion gets −2 Might this turn.","","Nobody has seen Vessimer's face. Vessimer is not sure he still has one.","Crownfall lore","A masked chemist with a bandolier of vials.","Crownfall star 1 description","champions/vessimer/star_1.png","prototype-v0.2/art/vessimer/star_1.webp (256 px placeholder)"
"140","Vessimer","The Tinctor","★★","Ascension","Set 1 (draft, not yet in a deck)","Tier IV · Epic","Hexbound","Saboteur","","↑1","6","7","","Grand Experiment","Ascend: Scorch 2 each rival champion. Shield a champion you control.","","The formula improves.","Crownfall voice line (gains a star)","Brass apparatus hisses on his back.","Crownfall star 2 description","champions/vessimer/star_2.png","prototype-v0.2/art/vessimer/star_2.webp (256 px placeholder)"
"141","Vessimer","The Tinctor","★★★","Ascension","Set 1 (draft, not yet in a deck)","Tier IV · Epic","Hexbound","Saboteur","","↑2","9","10","","Grand Experiment","Ascend: Scorch 2 each rival champion. Shield each champion you control. Draw a card.","Breaks 2 shards","Tinctures — away!","Crownfall voice line (ultimate)","A mobile laboratory of floating flasks and glowing tubes.","Crownfall star 3 description","champions/vessimer/star_3.png","prototype-v0.2/art/vessimer/star_3.webp (256 px placeholder)"
"142","Aurex","The Last Dragon","★","Champion","Starter deck: Blood & Ember (playtested)","Tier V · Mythic","Wyrmblood","Ascendant · Bruiser","6","","7","8","Ascendant","WORLD IN FLAMES","Arrival: Scorch 2 each rival champion.","","Every dragon died for the Crown. Aurex is here to find out whether it was worth it.","Crownfall lore","A massive dragon warrior.","Crownfall star 1 description","champions/aurex/star_1.png","prototype-v0.2/art/aurex/star_1.webp (256 px placeholder)"
"143","Aurex","The Last Dragon","★★","Ascension","Starter deck: Blood & Ember (playtested)","Tier V · Mythic","Wyrmblood","Ascendant · Bruiser","","↑2","9","9","Ascendant, Flight","WORLD IN FLAMES","Attack: Scorch 2 the defender.","","My wings remember the sky.","Crownfall voice line (gains a star)","Molten armour grows over his wings; fire leaks from every seam.","Crownfall star 2 description","champions/aurex/star_2.png","prototype-v0.2/art/aurex/star_2.webp (256 px placeholder)"
"144","Aurex","The Last Dragon","★★★","Ascension","Starter deck: Blood & Ember (playtested)","Tier V · Mythic","Wyrmblood","Ascendant · Bruiser","","↑3","13","12","Ascendant, Flight","WORLD IN FLAMES","Ascend: Defeat each rival champion with Guard 3 or less. Your other champions can’t attack this turn.","Breaks 2 shards","Let the world burn!","Crownfall voice line (ultimate)","A full celestial dragon. The sky turns red and flames surround the arena.","Crownfall star 3 description","champions/aurex/star_3.png","prototype-v0.2/art/aurex/star_3.webp (256 px placeholder)"
"145","Noctara","Empress of Nothing","★","Champion","Set 1 (draft, not yet in a deck)","Tier V · Mythic","Umbral","Ascendant · Arcanist","6","","6","7","Ascendant","THE UNMAKING","Arrival: Scorch 2 each rival champion.","","Noctara ruled an empire until it disappeared. She is not sure she did not do it.","Crownfall lore","An empress robed in the space between stars.","Crownfall star 1 description","champions/noctara/star_1.png","prototype-v0.2/art/noctara/star_1.webp (256 px placeholder)"
"146","Noctara","Empress of Nothing","★★","Ascension","Set 1 (draft, not yet in a deck)","Tier V · Mythic","Umbral","Ascendant · Arcanist","","↑2","8","10","Ascendant, Flight","THE UNMAKING","Ascend: A rival champion gets −4 Might this turn. Scorch 3 a rival champion.","","The void deepens.","Crownfall voice line (gains a star)","Her crown becomes an eclipse; small voids orbit her.","Crownfall star 2 description","champions/noctara/star_2.png","prototype-v0.2/art/noctara/star_2.webp (256 px placeholder)"
"147","Noctara","Empress of Nothing","★★★","Ascension","Set 1 (draft, not yet in a deck)","Tier V · Mythic","Umbral","Ascendant · Arcanist","","↑3","12","13","Ascendant, Flight","THE UNMAKING","Ascend: Defeat each rival champion with Guard 4 or less. Your other champions can’t attack this turn.","Breaks 2 shards","Be unmade.","Crownfall voice line (ultimate)","She is a doorway to nothing. The battlefield becomes the void.","Crownfall star 3 description","champions/noctara/star_3.png","prototype-v0.2/art/noctara/star_3.webp (256 px placeholder)"
"148","ATLAS-Ω","Final-Generation War Machine","★","Champion","Set 1 (draft, not yet in a deck)","Tier V · Mythic","Gearbound","Ascendant · Warden","6","","4","10","Ascendant, Bulwark","OMEGA PROTOCOL","Arrival: Shield ATLAS-Ω.","","ATLAS-Ω was built to end a war. It did. It is still waiting for its next order.","Crownfall lore","A gigantic final-generation war machine.","Crownfall star 1 description","champions/atlas/star_1.png","prototype-v0.2/art/atlas/star_1.webp (256 px placeholder)"
"149","ATLAS-Ω","Final-Generation War Machine","★★","Ascension","Set 1 (draft, not yet in a deck)","Tier V · Mythic","Gearbound","Ascendant · Warden","","↑2","7","13","Ascendant, Bulwark, Reach","OMEGA PROTOCOL","Your other champions have +1 Guard.","","Weapon systems expanded.","Crownfall voice line (gains a star)","Shoulder cannons and a reactor halo.","Crownfall star 2 description","champions/atlas/star_2.png","prototype-v0.2/art/atlas/star_2.webp (256 px placeholder)"
"150","ATLAS-Ω","Final-Generation War Machine","★★★","Ascension","Set 1 (draft, not yet in a deck)","Tier V · Mythic","Gearbound","Ascendant · Warden","","↑3","11","16","Ascendant, Bulwark, Reach","OMEGA PROTOCOL","Ascend: Scorch 3 each rival champion. Attack: Scorch 3 each rival champion.","Breaks 2 shards","Omega protocol engaged.","Crownfall voice line (ultimate)","A titan of the last war: a sun burns in its chest.","Crownfall star 3 description","champions/atlas/star_3.png","prototype-v0.2/art/atlas/star_3.webp (256 px placeholder)"
"151","Sol","The First Light","★","Champion","Starter deck: Banner of the Realm (playtested)","Tier V · Mythic","Dawnforged","Ascendant · Mystic","6","","5","7","Ascendant","DAWN","Arrival: Shield each champion you control.","","Before anything, there was Sol. Sol would like it back that way.","Crownfall lore","The first light given a body.","Crownfall star 1 description","champions/sol/star_1.png","prototype-v0.2/art/sol/star_1.webp (256 px placeholder)"
"152","Sol","The First Light","★★","Ascension","Starter deck: Banner of the Realm (playtested)","Tier V · Mythic","Dawnforged","Ascendant · Mystic","","↑2","8","10","Ascendant, Flight","DAWN","Ascend: Shield each champion you control.","","Brighter than the first morning.","Crownfall voice line (gains a star)","A corona and four wings of light.","Crownfall star 2 description","champions/sol/star_2.png","prototype-v0.2/art/sol/star_2.webp (256 px placeholder)"
"153","Sol","The First Light","★★★","Ascension","Starter deck: Banner of the Realm (playtested)","Tier V · Mythic","Dawnforged","Ascendant · Mystic","","↑3","12","13","Ascendant, Flight","DAWN","Ascend: Scorch 3 each rival champion, then Mend 1.","Breaks 2 shards","Let there be DAWN!","Crownfall voice line (ultimate)","A miniature sun hangs above the arena.","Crownfall star 3 description","champions/sol/star_3.png","prototype-v0.2/art/sol/star_3.webp (256 px placeholder)"
"154","The Unwritten King","Lord of the Forgotten","★","Champion","Set 1 (draft, not yet in a deck)","Tier V · Mythic","Hollow","Ascendant · Summoner","6","","5","7","Ascendant","THE FORGOTTEN LEGION","Arrival: Deploy a ★ champion costing 3 or less from your Fallen pile for free.","","His name was erased from every record. He wants the Crown to write it back.","Crownfall lore","A skeletal king on a throne of shields.","Crownfall star 1 description","champions/unwritten/star_1.png","prototype-v0.2/art/unwritten/star_1.webp (256 px placeholder)"
"155","The Unwritten King","Lord of the Forgotten","★★","Ascension","Set 1 (draft, not yet in a deck)","Tier V · Mythic","Hollow","Ascendant · Summoner","","↑2","8","10","Ascendant","THE FORGOTTEN LEGION","Ascend: Deploy a ★ champion costing 3 or less from your Fallen pile for free.","","The forgotten answer.","Crownfall voice line (gains a star)","A spectral legion stands behind him.","Crownfall star 2 description","champions/unwritten/star_2.png","prototype-v0.2/art/unwritten/star_2.webp (256 px placeholder)"
"156","The Unwritten King","Lord of the Forgotten","★★★","Ascension","Set 1 (draft, not yet in a deck)","Tier V · Mythic","Hollow","Ascendant · Summoner","","↑3","12","13","Ascendant","THE FORGOTTEN LEGION","Ascend: Deploy a ★ champion costing 4 or less from your Fallen pile for free. Your other champions have +1 Might.","Breaks 2 shards","Legion — rise!","Crownfall voice line (ultimate)","He remembers his name, and the dead answer it.","Crownfall star 3 description","champions/unwritten/star_3.png","prototype-v0.2/art/unwritten/star_3.webp (256 px placeholder)"
"157","Veyra Sol","Reality Hunter","★","Champion","Set 1 (draft, not yet in a deck)","Tier V · Mythic","Riftborn","Ascendant · Assassin","6","","8","5","Ascendant, Flight, Ambush","","","","Veyra hunts things that escape between worlds. The Crown is the biggest one yet.","Crownfall lore","A huntress with portal-rings on her wrists.","Crownfall star 1 description","champions/veyra/star_1.png","prototype-v0.2/art/veyra/star_1.webp (256 px placeholder)"
"158","Veyra Sol","Reality Hunter","★★","Ascension","Set 1 (draft, not yet in a deck)","Tier V · Mythic","Riftborn","Ascendant · Assassin","","↑2","11","8","Ascendant, Flight, Ambush","BETWEEN WORLDS","Once per turn, when Veyra Sol defeats a champion on your turn, ready Veyra Sol.","","I hunt in all of them now.","Crownfall voice line (gains a star)","Her cloak is a window into other worlds.","Crownfall star 2 description","champions/veyra/star_2.png","prototype-v0.2/art/veyra/star_2.webp (256 px placeholder)"
"159","Veyra Sol","Reality Hunter","★★★","Ascension","Set 1 (draft, not yet in a deck)","Tier V · Mythic","Riftborn","Ascendant · Assassin","","↑3","15","11","Ascendant, Flight, Ambush","BETWEEN WORLDS","Attack: Scorch 3 the defender. Once per turn, when Veyra Sol defeats a champion on your turn, ready Veyra Sol.","Breaks 2 shards","Between worlds!","Crownfall voice line (ultimate)","She exists in every reality at once, and all of them are hunting.","Crownfall star 3 description","champions/veyra/star_3.png","prototype-v0.2/art/veyra/star_3.webp (256 px placeholder)"
"160","Mother Verdant","Life Eternal","★","Champion","Set 1 (draft, not yet in a deck)","Tier V · Mythic","Verdant","Ascendant · Summoner","6","","4","9","Ascendant","LIFE ETERNAL","Arrival: Shield each champion you control.","","Every forest in every world is one of her children. She would like the Crown for the last one.","Crownfall lore","The mother of forests, crowned in blossom.","Crownfall star 1 description","champions/mother/star_1.png","prototype-v0.2/art/mother/star_1.webp (256 px placeholder)"
"161","Mother Verdant","Life Eternal","★★","Ascension","Set 1 (draft, not yet in a deck)","Tier V · Mythic","Verdant","Ascendant · Summoner","","↑2","7","12","Ascendant","LIFE ETERNAL","Ascend: Return up to two ★ champions from your Fallen pile to your hand.","","Spring has no end.","Crownfall voice line (gains a star)","Her train is a meadow; deer of light follow her.","Crownfall star 2 description","champions/mother/star_2.png","prototype-v0.2/art/mother/star_2.webp (256 px placeholder)"
"162","Mother Verdant","Life Eternal","★★★","Ascension","Set 1 (draft, not yet in a deck)","Tier V · Mythic","Verdant","Ascendant · Summoner","","↑3","10","15","Ascendant","LIFE ETERNAL","Ascend: Deploy a ★ champion costing 3 or less from your Fallen pile for free. Shield each champion you control. Mend 1.","Breaks 2 shards","Life eternal!","Crownfall voice line (ultimate)","A goddess of green whose every step is spring.","Crownfall star 3 description","champions/mother/star_3.png","prototype-v0.2/art/mother/star_3.webp (256 px placeholder)"
"163","Crownless","The One Who Refused","★","Champion","Set 1 (draft, not yet in a deck)","Tier V · Mythic","Crownless","Ascendant","6","","7","7","Ascendant, Charge","","","","Once, someone won the Crownfall. They refused the Crown. Nobody has explained why.","Crownfall lore","A figure in broken regalia whose face is hidden.","Crownfall star 1 description","champions/crownless/star_1.png","prototype-v0.2/art/crownless/star_1.webp (256 px placeholder)"
"164","Crownless","The One Who Refused","★★","Ascension","Set 1 (draft, not yet in a deck)","Tier V · Mythic","Crownless","Ascendant","","↑2","10","10","Ascendant, Charge, Ambush","BREAK THE RULES","Ascend: Ready Crownless. (It ignores the rule that Ascending turns a champion sideways.)","","The rules bend.","Crownfall voice line (gains a star)","Cracks of Crown-light spread through the armour.","Crownfall star 2 description","champions/crownless/star_2.png","prototype-v0.2/art/crownless/star_2.webp (256 px placeholder)"
"165","Crownless","The One Who Refused","★★★","Ascension","Set 1 (draft, not yet in a deck)","Tier V · Mythic","Crownless","Ascendant","","↑3","14","13","Ascendant, Charge, Ambush, Flight","BREAK THE RULES","Ascend: Ready Crownless.","Breaks 2 shards","I refuse your rules.","Crownfall voice line (ultimate)","The Crown's own power, worn as a body. Reality fractures around him.","Crownfall star 3 description","champions/crownless/star_3.png","prototype-v0.2/art/crownless/star_3.webp (256 px placeholder)"
"166","Rally the Banners","","","Tactic","Starter deck: Banner of the Realm (playtested; working name)","","","","1","","","","","","Your champions get +1 Might this turn.","","","None yet (no canon; write when the name is approved)","Kingdom banners in blue and gold raised over a line of soldiers at dawn, every blade lifted at once.","PROPOSED (no canon)","spells/rally-banners.png","none (symbol placeholder)"
"167","Reinforcements","","","Tactic","Starter deck: Banner of the Realm (playtested; working name)","","","","2","","","","Shardfall","","Deploy a ★ champion costing 2 or less from your hand for free.","","","None yet (no canon; write when the name is approved)","Fresh Kingdom soldiers pouring through a castle gate into the arena, shields first.","PROPOSED (no canon)","spells/reinforcements.png","none (symbol placeholder)"
"168","Royal Dispatch","","","Tactic","Starter deck: Banner of the Realm (playtested; working name)","","","","2","","","","","","Draw 2 cards.","","","None yet (no canon; write when the name is approved)","A falcon carrying a sealed royal letter stamped with the crown sigil, high over the arena.","PROPOSED (no canon)","spells/royal-dispatch.png","none (symbol placeholder)"
"169","Shield Wall","","","Tactic","Starter deck: Banner of the Realm (playtested; working name)","","","","2","","","","","","Shield up to two champions you control.","","","None yet (no canon; write when the name is approved)","Tower shields locked edge to edge, glowing with soft dawn light.","PROPOSED (no canon)","spells/shield-wall.png","none (symbol placeholder)"
"170","First Light","","","Swift Tactic","Starter deck: Banner of the Realm (playtested; working name)","","","","1","","","","","","A champion gets +2 Guard this turn.","","","None yet (no canon; write when the name is approved)","The first ray of sunrise striking a champion’s armour and turning it gold.","PROPOSED (no canon)","spells/first-light.png","none (symbol placeholder)"
"171","Dawnward Oath","","","Scheme","Starter deck: Banner of the Realm (playtested; working name)","","","","1","","","","","","Spring when a rival champion attacks: Shield one of your champions.","","","None yet (no canon; write when the name is approved)","A kneeling knight with sword raised as a sun-shaped ward forms around an ally.","PROPOSED (no canon)","spells/dawnward-oath.png","none (symbol placeholder)"
"172","Hold the Gate","","","Scheme","Starter deck: Banner of the Realm (playtested; working name)","","","","0","","","","Shardfall","","Spring when a rival champion attacks your Crown and is not blocked: ready one of your champions; it blocks that attack.","","","None yet (no canon; write when the name is approved)","A lone defender bracing an arena gate as a charging attacker crashes into it.","PROPOSED (no canon)","spells/hold-the-gate.png","none (symbol placeholder)"
"173","Arrow Volley","","","Scheme","Starter deck: Banner of the Realm (playtested; working name)","","","","1","","","","","","Spring when a rival champion attacks: it gets −2 Might this turn.","","","None yet (no canon; write when the name is approved)","A sky full of arrows arcing down over the arena, sunlight glinting on the heads.","PROPOSED (no canon)","spells/arrow-volley.png","none (symbol placeholder)"
"174","Firebolt","","","Tactic","Starter deck: Blood & Ember (playtested; working name)","","","","1","","","","","","Scorch 2 a rival champion.","","","None yet (no canon; write when the name is approved)","A spiralling bolt of flame streaking across the arena, trailing embers.","PROPOSED (no canon)","spells/firebolt.png","none (symbol placeholder)"
"175","Firestorm","","","Tactic","Starter deck: Blood & Ember (playtested; working name)","","","","2","","","","","","Scorch 1 each rival champion. Draw a card.","","","None yet (no canon; write when the name is approved)","Fire raining across the battlefield, the sky orange with drifting embers.","PROPOSED (no canon)","spells/firestorm.png","none (symbol placeholder)"
"176","Feral Howl","","","Tactic","Starter deck: Blood & Ember (playtested; working name)","","","","1","","","","","","Your champions get +1 Might this turn, or +2 if you have fewer shards than your rival.","","","None yet (no canon; write when the name is approved)","A wolf pack howling at a blood-red moon, breath steaming.","PROPOSED (no canon)","spells/feral-howl.png","none (symbol placeholder)"
"177","Return to the Fire","","","Tactic","Starter deck: Blood & Ember (playtested; working name)","","","","2","","","","Shardfall","","Return up to two ★ champions from your Fallen pile to your hand.","","","None yet (no canon; write when the name is approved)","Silhouettes of fallen warriors re-forming out of rising embers.","PROPOSED (no canon)","spells/return-to-fire.png","none (symbol placeholder)"
"178","Flare Up","","","Swift Tactic","Starter deck: Blood & Ember (playtested; working name)","","","","1","","","","","","A champion gets +2 Might this turn.","","","None yet (no canon; write when the name is approved)","A champion’s weapon erupting in sudden white-hot flame.","PROPOSED (no canon)","spells/flare-up.png","none (symbol placeholder)"
"179","Kindling","","","Tactic","Starter deck: Blood & Ember (playtested; working name)","","","","0","","","","Shardfall","","Draw a card.","","","None yet (no canon; write when the name is approved)","A single spark catching in dry grass and growing into a flame.","PROPOSED (no canon)","spells/kindling.png","none (symbol placeholder)"
"180","Bloodscent","","","Scheme","Starter deck: Blood & Ember (playtested; working name)","","","","0","","","","Shardfall","","Spring when one of your champions is attacked or blocks: it gets +3 Guard this turn.","","","None yet (no canon; write when the name is approved)","A wolf with its nose to the ground, glowing red scent trails leading across the arena.","PROPOSED (no canon)","spells/bloodscent.png","none (symbol placeholder)"
"181","Ember Trap","","","Scheme","Starter deck: Blood & Ember (playtested; working name)","","","","1","","","","","","Spring when a rival champion attacks: Scorch 2 it.","","","None yet (no canon; write when the name is approved)","Hidden embers bursting up from cracks in the arena floor beneath an attacker’s feet.","PROPOSED (no canon)","spells/ember-trap.png","none (symbol placeholder)"
"182","Cinder Veil","","","Scheme","Starter deck: Blood & Ember (playtested; working name)","","","","1","","","","","","Spring when a rival champion attacks your Crown: that attack ends. No shards break.","","","None yet (no canon; write when the name is approved)","A curtain of ash and smoke swallowing an incoming charge.","PROPOSED (no canon)","spells/cinder-veil.png","none (symbol placeholder)"
